symbol,sector
360ONE,Financial Services
3MINDIA,Diversified
AARTIDRUGS,Healthcare
AARTIIND,Chemicals
AAVAS,Financial Services
ABBOTINDIA,Healthcare
ACC,Construction Materials
ACCELYA,Information Technology
ACE,Capital Goods
ADANIENT,Metals & Mining
ADANIGREEN,Power
ADANIPORTS,Services
ADANIPOWER,Power
ADFFOODS,Fast Moving Consumer Goods
ABCAPITAL,Financial Services
ABFRL,Consumer Services
ABREL,Realty
ADVENZYMES,Healthcare
AEGISLOG,Oil Gas & Consumable Fuels
AFFLE,Information Technology
AHLUCONT,Construction
AIAENG,Capital Goods
AJANTPHARM,Healthcare
ALEMBICLTD,Healthcare
APLLTD,Healthcare
ALKEM,Healthcare
ALKYLAMINE,Chemicals
ALLCARGO,Services
ARE&M,Automobile and Auto Components
AMBER,Consumer Durables
AMBUJACEM,Construction Materials
APARINDS,Capital Goods
APCOTEXIND,Chemicals
APLAPOLLO,Capital Goods
APOLLOHOSP,Healthcare
APOLLOPIPE,Capital Goods
APOLLOTYRE,Automobile and Auto Components
ARMANFIN,Financial Services
ARVIND,Textiles
ARVINDFASN,Consumer Services
ASAHIINDIA,Automobile and Auto Components
ASHOKLEY,Capital Goods
ASHOKA,Construction
ASIANPAINT,Consumer Durables
ASTEC,Chemicals
ASTERDM,Healthcare
ASTRAMICRO,Capital Goods
ASTRAL,Capital Goods
ASTRAZEN,Healthcare
ATUL,Chemicals
AUBANK,Financial Services
AUROPHARMA,Healthcare
AURUM,Realty
AUTOAXLES,Automobile and Auto Components
AVANTIFEED,Fast Moving Consumer Goods
DMART,Consumer Services
CCAVENUE,Financial Services
AXISBANK,Financial Services
BAJAJ-AUTO,Automobile and Auto Components
BAJAJCON,Fast Moving Consumer Goods
BAJAJELEC,Consumer Durables
BAJFINANCE,Financial Services
BAJAJFINSV,Financial Services
BAJAJHIND,Fast Moving Consumer Goods
BAJAJHLDNG,Financial Services
BALAMINES,Chemicals
BALKRISIND,Automobile and Auto Components
BALMLAWRIE,Diversified
BALRAMCHIN,Fast Moving Consumer Goods
BANDHANBNK,Financial Services
BANKBARODA,Financial Services
BANKINDIA,Financial Services
MAHABANK,Financial Services
BANARISUG,Fast Moving Consumer Goods
BASF,Chemicals
BATAINDIA,Consumer Durables
BAYERCROP,Chemicals
BEML,Capital Goods
BERGEPAINT,Consumer Durables
BFINVEST,Financial Services
BFUTILITIE,Power
BEPL,Chemicals
BBL,Capital Goods
BDL,Capital Goods
BEL,Capital Goods
BHARATFORG,Automobile and Auto Components
BHARTIARTL,Telecommunication
BHEL,Capital Goods
BIOCON,Healthcare
BIRLACORPN,Construction Materials
BSOFT,Information Technology
BLISSGVS,Healthcare
BLUEDART,Services
BLUESTARCO,Consumer Durables
BODALCHEM,Chemicals
BBTC,Fast Moving Consumer Goods
BOMDYEING,Textiles
BORORENEW,Capital Goods
BOSCHLTD,Automobile and Auto Components
BOSCH-HCIL,Consumer Durables
BPCL,Oil Gas & Consumable Fuels
BRIGADE,Realty
BRITANNIA,Fast Moving Consumer Goods
CAMLINFINE,Chemicals
CANBK,Financial Services
CANFINHOME,Financial Services
CAPLIPOINT,Healthcare
CGCL,Financial Services
CARBORUNIV,Capital Goods
CARERATING,Financial Services
CASTROLIND,Oil Gas & Consumable Fuels
CCL,Fast Moving Consumer Goods
CEATLTD,Automobile and Auto Components
CEMPRO,Construction
CENTRALBK,Financial Services
CENTURYPLY,Consumer Durables
CERA,Consumer Durables
CESC,Power
CHALET,Consumer Services
CHAMBLFERT,Chemicals
CHENNPETRO,Oil Gas & Consumable Fuels
CHOLAHLDNG,Financial Services
CHOLAFIN,Financial Services
CIEINDIA,Automobile and Auto Components
CIPLA,Healthcare
CUB,Financial Services
COALINDIA,Oil Gas & Consumable Fuels
COCHINSHIP,Capital Goods
COFORGE,Information Technology
COHANCE,Healthcare
COLPAL,Fast Moving Consumer Goods
CONCOR,Services
COROMANDEL,Chemicals
COSMOFIRST,Chemicals
CREDITACC,Financial Services
CRISIL,Financial Services
CROMPTON,Consumer Durables
CSBBANK,Financial Services
CUMMINSIND,Capital Goods
CYIENT,Information Technology
DBCORP,Media Entertainment & Publication
DABUR,Fast Moving Consumer Goods
DALBHARAT,Construction Materials
DALMIASUG,Fast Moving Consumer Goods
DCBBANK,Financial Services
DCMSHRIRAM,Diversified
DEEPAKFERT,Chemicals
DEEPAKNTR,Chemicals
DHANUKA,Chemicals
DBL,Construction
DCAL,Healthcare
DIVISLAB,Healthcare
DIXON,Consumer Durables
DLF,Realty
DOLLAR,Textiles
LALPATHLAB,Healthcare
DRREDDY,Healthcare
DREDGECORP,Services
EIDPARRY,Fast Moving Consumer Goods
ECLERX,Services
EDELWEISS,Financial Services
EICHERMOT,Automobile and Auto Components
EIHOTEL,Consumer Services
ELANTAS,Chemicals
ELGIEQUIP,Capital Goods
EMAMILTD,Fast Moving Consumer Goods
EMBDL,Realty
ENDURANCE,Automobile and Auto Components
ENGINERSIN,Construction
EPL,Capital Goods
ERIS,Healthcare
ESABINDIA,Capital Goods
ESCORTS,Capital Goods
EVEREADY,Consumer Durables
EXIDEIND,Automobile and Auto Components
FDC,Healthcare
FMGOETZE,Automobile and Auto Components
FEDERALBNK,Financial Services
FINEORG,Chemicals
FINCABLES,Capital Goods
FINPIPE,Capital Goods
FSL,Services
FORCEMOT,Automobile and Auto Components
FORTIS,Healthcare
GESHIP,Services
GABRIEL,Automobile and Auto Components
GAIL,Oil Gas & Consumable Fuels
GALAXYSURF,Chemicals
GRSE,Capital Goods
GARFIBRES,Textiles
GATEWAY,Services
GVPIL,Capital Goods
GVT&D,Capital Goods
GHCL,Chemicals
GICRE,Financial Services
GILLETTE,Fast Moving Consumer Goods
GLENMARK,Healthcare
GMDCLTD,Metals & Mining
GMMPFAUDLR,Capital Goods
GMRAIRPORT,Services
GODFRYPHLP,Fast Moving Consumer Goods
GODREJAGRO,Fast Moving Consumer Goods
GODREJCP,Fast Moving Consumer Goods
GODREJIND,Diversified
GODREJPROP,Realty
GOODYEAR,Automobile and Auto Components
GRANULES,Healthcare
GRAPHITE,Capital Goods
GRASIM,Construction Materials
GREAVESCOT,Capital Goods
GREENPLY,Forest Materials
GRINDWELL,Capital Goods
GLAXO,Healthcare
GUJALKALI,Chemicals
GAEL,Fast Moving Consumer Goods
GUJENERGY,Power
FLUOROCHEM,Chemicals
GIPCL,Power
GNFC,Chemicals
GPPL,Services
GSFC,Chemicals
GULFOILLUB,Oil Gas & Consumable Fuels
HGINFRA,Construction
HATHWAY,Media Entertainment & Publication
HATSUN,Fast Moving Consumer Goods
HAVELLS,Consumer Durables
HAWKINCOOK,Consumer Durables
HCC,Construction
HCLTECH,Information Technology
HDFCBANK,Financial Services
HDFCAMC,Financial Services
HDFCLIFE,Financial Services
HCG,Healthcare
HEG,Capital Goods
HEIDELBERG,Construction Materials
HERITGFOOD,Fast Moving Consumer Goods
HEROMOTOCO,Automobile and Auto Components
HESTERBIO,Healthcare
HFCL,Telecommunication
HIKAL,Chemicals
HSCL,Chemicals
HINDOILEXP,Oil Gas & Consumable Fuels
HINDALCO,Metals & Mining
HAL,Capital Goods
HINDCOPPER,Metals & Mining
HINDUNILVR,Fast Moving Consumer Goods
HINDZINC,Metals & Mining
POWERINDIA,Capital Goods
HONDAPOWER,Capital Goods
HONAUT,Capital Goods
HINDPETRO,Oil Gas & Consumable Fuels
HUDCO,Financial Services
HUHTAMAKI,Chemicals
ICICIBANK,Financial Services
ICICIGI,Financial Services
ICICIPRULI,Financial Services
ICRA,Financial Services
IDBI,Financial Services
IDFCFIRSTB,Financial Services
IFBIND,Consumer Durables
IFCI,Financial Services
IIFLCAPS,Financial Services
IIFL,Financial Services
INDIACEM,Construction Materials
INDIAGLYCO,Fast Moving Consumer Goods
ITDC,Consumer Services
IBULLSLTD,Financial Services
INDIAMART,Consumer Services
INDIANB,Financial Services
IEX,Financial Services
INDHOTEL,Consumer Services
INDIANHUME,Construction
IOB,Financial Services
ICIL,Textiles
INDOCO,Healthcare
INDOSTAR,Financial Services
IGL,Oil Gas & Consumable Fuels
INDUSTOWER,Telecommunication
INDUSINDBK,Financial Services
NAUKRI,Consumer Services
INFY,Information Technology
INGERRAND,Capital Goods
INSECTICID,Chemicals
INTELLECT,Information Technology
INDIGO,Services
IOC,Oil Gas & Consumable Fuels
IOLCP,Healthcare
IONEXCHANG,Utilities
IPCALAB,Healthcare
IRB,Construction
IRCON,Construction
IRCTC,Consumer Services
ISGEC,Capital Goods
ITC,Fast Moving Consumer Goods
ITI,Telecommunication
JKIL,Construction
J&KBANK,Financial Services
JAICORPLTD,Diversified
JISLJALEQS,Capital Goods
JAMNAAUTO,Automobile and Auto Components
JINDALPOLY,Chemicals
JINDALSAW,Capital Goods
JSL,Metals & Mining
JINDALSTEL,Metals & Mining
JKCEMENT,Construction Materials
JKLAKSHMI,Construction Materials
JKPAPER,Forest Materials
JKTYRE,Automobile and Auto Components
JMFINANCIL,Financial Services
JSWHL,Financial Services
JSWSTEEL,Metals & Mining
JTEKTINDIA,Automobile and Auto Components
JUBLFOOD,Consumer Services
JUBLPHARMA,Healthcare
JUSTDIAL,Consumer Services
JYOTHYLAB,Fast Moving Consumer Goods
KAJARIACER,Consumer Durables
KPIL,Construction
KSL,Metals & Mining
KAMAHOLD,Financial Services
KANSAINER,Consumer Durables
KTKBANK,Financial Services
KSCL,Fast Moving Consumer Goods
KEC,Construction
KEI,Capital Goods
KENNAMET,Capital Goods
KIRIINDUS,Chemicals
KIRLOSENG,Capital Goods
KITEX,Textiles
KNRCON,Construction
KOLTEPATIL,Realty
KOTAKBANK,Financial Services
KPITTECH,Information Technology
KPRMILL,Textiles
KRBL,Fast Moving Consumer Goods
KSB,Capital Goods
LT,Construction
LTF,Financial Services
LTTS,Information Technology
LGBBROSLTD,Automobile and Auto Components
LAOPALA,Consumer Durables
LAURUSLABS,Healthcare
LEMONTREE,Consumer Services
LICHSGFIN,Financial Services
LINDEINDIA,Chemicals
LTFOODS,Fast Moving Consumer Goods
LUPIN,Healthcare
LUXIND,Textiles
M&M,Automobile and Auto Components
MAHSCOOTER,Financial Services
MGL,Oil Gas & Consumable Fuels
MAHSEAMLES,Capital Goods
M&MFIN,Financial Services
MHRIL,Consumer Services
MAHLIFE,Realty
MAHLOG,Services
MANAPPURAM,Financial Services
MANGLMCEM,Construction Materials
MARICO,Fast Moving Consumer Goods
MARKSANS,Healthcare
MARUTI,Automobile and Auto Components
MASFIN,Financial Services
MASTEK,Information Technology
MFSL,Financial Services
MAYURUNIQ,Textiles
METROPOLIS,Healthcare
MINDACORP,Automobile and Auto Components
MIDHANI,Capital Goods
MMTC,Services
MOIL,Metals & Mining
MOLDTKPAC,Chemicals
MOREPENLAB,Healthcare
MOTILALOFS,Financial Services
MPHASIS,Information Technology
MRF,Automobile and Auto Components
MRPL,Oil Gas & Consumable Fuels
MSTCLTD,Services
MCX,Financial Services
MUTHOOTFIN,Financial Services
NATIONALUM,Metals & Mining
NH,Healthcare
NATCOPHARM,Healthcare
NFL,Chemicals
NAVA,Power
NAVINFLUOR,Chemicals
NAVNETEDUL,Media Entertainment & Publication
NBCC,Construction
NCC,Construction
NEOGEN,Chemicals
NESCO,Services
NESTLEIND,Fast Moving Consumer Goods
NETWORK18,Media Entertainment & Publication
NEULANDLAB,Healthcare
NEWGEN,Information Technology
NHPC,Power
NILKAMAL,Consumer Durables
NAM-INDIA,Financial Services
NIRLON,Realty
NLCINDIA,Power
NMDC,Metals & Mining
NOCIL,Chemicals
NOVARTIND,Healthcare
NRBBEARING,Automobile and Auto Components
NTPC,Power
NUCLEUS,Information Technology
OBEROIRLTY,Realty
OIL,Oil Gas & Consumable Fuels
OMAXE,Realty
ONGC,Oil Gas & Consumable Fuels
OFSS,Information Technology
ORIENTCEM,Construction Materials
ORIENTELEC,Consumer Durables
PGHH,Fast Moving Consumer Goods
PAGEIND,Textiles
PAISALO,Financial Services
PANACEABIO,Healthcare
PARAGMILK,Fast Moving Consumer Goods
PATELENG,Construction
PCJEWELLER,Consumer Durables
PCBL,Chemicals
PERSISTENT,Information Technology
PETRONET,Oil Gas & Consumable Fuels
PFIZER,Healthcare
PHOENIXLTD,Realty
PIIND,Chemicals
PIDILITIND,Chemicals
PILANIINVS,Financial Services
PNB,Financial Services
PNBHOUSING,Financial Services
PNCINFRA,Construction
POLYMED,Healthcare
POLYCAB,Capital Goods
POLYPLEX,Chemicals
POONAWALLA,Financial Services
PFC,Financial Services
POWERGRID,Power
POWERMECH,Construction
PRAKASH,Metals & Mining
DIAMONDYD,Textiles
PRESTIGE,Realty
PRICOLLTD,Automobile and Auto Components
PRINCEPIPE,Capital Goods
PRSMJOHNSN,Construction Materials
PRIVISCL,Chemicals
PGHL,Healthcare
PSPPROJECT,Construction
PTC,Power
PFS,Financial Services
PVRINOX,Media Entertainment & Publication
QUESS,Services
RSYSTEMS,Information Technology
RADICO,Fast Moving Consumer Goods
RVNL,Construction
RAIN,Chemicals
RAJESHEXPO,Consumer Durables
RALLIS,Chemicals
RAMCOIND,Construction Materials
RAMCOSYS,Information Technology
RKFORGE,Automobile and Auto Components
RANEHOLDIN,Automobile and Auto Components
RATNAMANI,Capital Goods
RAYMOND,Textiles
RBLBANK,Financial Services
RCF,Chemicals
RECLTD,Financial Services
REDINGTON,Services
RELAXO,Consumer Durables
RELIANCE,Oil Gas & Consumable Fuels
RPOWER,Power
RELIGARE,Financial Services
REPCOHOME,Financial Services
RESPONIND,Chemicals
RHIM,Capital Goods
RICOAUTO,Automobile and Auto Components
RITES,Construction
RPSGVENT,Diversified
SHK,Chemicals
SAFARI,Consumer Durables
SAGCEM,Construction Materials
SAIL,Metals & Mining
SAMMAANCAP,Financial Services
MOTHERSON,Automobile and Auto Components
SANOFI,Healthcare
SASKEN,Information Technology
SATIN,Financial Services
SBIN,Financial Services
SBICARD,Financial Services
SBILIFE,Financial Services
SCHAEFFLER,Automobile and Auto Components
SCHNEIDER,Capital Goods
SESHAPAPER,Forest Materials
SHARDACROP,Chemicals
SFL,Consumer Durables
SHILPAMED,Healthcare
SCI,Services
SHOPERSTOP,Consumer Services
SHREECEM,Construction Materials
SHRIRAMFIN,Financial Services
SIEMENS,Capital Goods
SIS,Services
SJVN,Power
SKFINDIA,Automobile and Auto Components
SOBHA,Realty
SOLARINDS,Chemicals
SOLARA,Healthcare
SOMANYCERA,Construction Materials
SONATSOFTW,Information Technology
SOUTHBANK,Financial Services
SPANDANA,Financial Services
SRF,Chemicals
STARCEMENT,Construction Materials
SWSOLAR,Construction
STLTECH,Telecommunication
STAR,Healthcare
SUBROS,Capital Goods
SUDARSCHEM,Chemicals
SUMICHEM,Chemicals
SUNPHARMA,Healthcare
SPARC,Healthcare
SUNTV,Media Entertainment & Publication
SUNDRMFAST,Automobile and Auto Components
SUNDROP,Fast Moving Consumer Goods
SUNFLAG,Metals & Mining
SUNTECK,Realty
SUPRAJIT,Automobile and Auto Components
SUPREMEIND,Capital Goods
SPLPETRO,Chemicals
SURYAROSNI,Capital Goods
SUVEN,Healthcare
SUZLON,Capital Goods
SWARAJENG,Capital Goods
SYMPHONY,Consumer Durables
SYNGENE,Healthcare
TAJGVK,Consumer Services
TASTYBITE,Fast Moving Consumer Goods
TATACHEM,Chemicals
TATACOMM,Telecommunication
TATACONSUM,Fast Moving Consumer Goods
TATAELXSI,Information Technology
TATAINVEST,Financial Services
TMPV,Automobile and Auto Components
TATAPOWER,Power
TATASTEEL,Metals & Mining
TCIEXP,Services
TCS,Information Technology
TEAMLEASE,Services
TECHM,Information Technology
TECHNOE,Construction
TEJASNET,Telecommunication
TEXRAIL,Capital Goods
NIACL,Financial Services
RAMCOCEM,Construction Materials
THERMAX,Capital Goods
TIRUMALCHM,Chemicals
THOMASCOOK,Consumer Services
THYROCARE,Healthcare
TIMETECHNO,Capital Goods
TIMKEN,Capital Goods
TITAGARH,Capital Goods
TITAN,Consumer Durables
TORNTPHARM,Healthcare
TORNTPOWER,Power
TCI,Services
TRENT,Consumer Services
TRIDENT,Textiles
TRIVENI,Fast Moving Consumer Goods
TRITURBINE,Capital Goods
TTKPRESTIG,Consumer Durables
TIINDIA,Automobile and Auto Components
TVSHLTD,Automobile and Auto Components
TVSMOTOR,Automobile and Auto Components
TVSSRICHAK,Automobile and Auto Components
UCOBANK,Financial Services
UFLEX,Chemicals
UJJIVANSFB,Financial Services
ULTRACEMCO,Construction Materials
UNICHEMLAB,Healthcare
UNIONBANK,Financial Services
UBL,Fast Moving Consumer Goods
UNOMINDA,Automobile and Auto Components
UPL,Chemicals
USHAMART,Capital Goods
VGUARD,Consumer Durables
VMART,Consumer Services
WABAG,Utilities
VAIBHAVGBL,Consumer Durables
VTL,Textiles
VARROC,Automobile and Auto Components
VBL,Fast Moving Consumer Goods
VEDL,Metals & Mining
VENKEYS,Fast Moving Consumer Goods
VESUVIUS,Capital Goods
VINATIORGA,Chemicals
VINDHYATEL,Telecommunication
VIPIND,Consumer Durables
IDEA,Telecommunication
VOLTAMP,Capital Goods
VOLTAS,Consumer Durables
VRLLOG,Services
VSTIND,Fast Moving Consumer Goods
VSTTILLERS,Automobile and Auto Components
WELCORP,Capital Goods
WELENT,Construction
WELSPUNLIV,Textiles
WSTCSTPAPR,Forest Materials
WESTLIFE,Consumer Services
WHIRLPOOL,Consumer Durables
WIPRO,Information Technology
WOCKPHARMA,Healthcare
WONDERLA,Consumer Services
YESBANK,Financial Services
ZEEL,Media Entertainment & Publication
ZENSARTECH,Information Technology
ZFCVINDIA,Automobile and Auto Components
ZYDUSLIFE,Healthcare
